"#,""Reference"",""Qty"",""Value"",""Footprint"",""DNP"""
"1,""C1, C2"",""2"",""1uF"",""Capacitor_SMD:C_0603_1608Metric"","""""
"2,""C3, C41, C42, C61, C62, C75, C77, C79, C81"",""9"",""10uF"",""Capacitor_SMD:C_0603_1608Metric"","""""
"3,""C4, C60, C76, C78, C80, C82"",""6"",""22uF"",""Capacitor_SMD:C_0805_2012Metric"","""""
"4,""C5, C6, C9, C17, C29, C38"",""6"",""1uF"",""Capacitor_SMD:C_0402_1005Metric"","""""
"5,""C7, C14, C15, C18, C19, C20, C22, C23, C24, C27, C28, C30, C31, C32, C33, C34, C35, C36, C37, C39, C40, C44, C45, C46, C48, C49, C50, C56, C58, C59, C64, C65, C72, C74, C83, C84, C85, C86, C87"",""39"",""100nF"",""Capacitor_SMD:C_0402_1005Metric"","""""
"6,""C8"",""1"",""22uF"",""Capacitor_SMD:C_0402_1005Metric"","""""
"7,""C10, C16"",""2"",""1uF"",""Capacitor_SMD:C_0603_1608Metric"",""DNP"""
"8,""C11, C13"",""2"",""12pF"",""Capacitor_SMD:C_0402_1005Metric"","""""
"9,""C12, C43, C47, C71, C73"",""5"",""4.7uF"",""Capacitor_SMD:C_0402_1005Metric"","""""
"10,""C21, C63"",""2"",""10nF"",""Capacitor_SMD:C_0402_1005Metric"","""""
"11,""C25, C26"",""2"",""30pF"",""Capacitor_SMD:C_0402_1005Metric"","""""
"12,""C51, C52"",""2"",""15pF"",""Capacitor_SMD:C_0603_1608Metric_Pad1.08x0.95mm_HandSolder"","""""
"13,""C53, C54"",""2"",""2.2uF"",""Capacitor_SMD:C_0402_1005Metric"","""""
"14,""C55, C67, C69"",""3"",""22uF"",""Capacitor_SMD:C_0603_1608Metric"","""""
"15,""C57, C66, C68, C70"",""4"",""10uF"",""Capacitor_SMD:C_0402_1005Metric"","""""
"16,""D1, D2, D5, D8"",""4"",""LED_Blue"",""LED_SMD:LED_0603_1608Metric_Pad1.05x0.95mm_HandSolder"","""""
"17,""D3, D4"",""2"",""LED_Green"",""LED_SMD:LED_0603_1608Metric_Pad1.05x0.95mm_HandSolder"","""""
"18,""D6, D9"",""2"",""LED_Red"",""LED_SMD:LED_0603_1608Metric_Pad1.05x0.95mm_HandSolder"","""""
"19,""D7"",""1"",""LED_Yellow"",""LED_SMD:LED_0603_1608Metric_Pad1.05x0.95mm_HandSolder"","""""
"20,""FB1, FB2"",""2"",""120Ω@100MHz"",""Capacitor_SMD:C_0805_2012Metric_Pad1.18x1.45mm_HandSolder"","""""
"21,""H1, H2, H3, H4"",""4"",""MountingHole"",""MountingHole:MountingHole_2.7mm_M2.5"","""""
"22,""J1, J2"",""2"",""USB_C_Receptacle_USB2.0"",""FOOTPRINT:USB_C_2_0"","""""
"23,""J3"",""1"",""Conn_01x03"",""Connector_PinSocket_2.54mm:PinSocket_1x03_P2.54mm_Vertical"","""""
"24,""J4, J5, J6, J7, J19, J21, J22, J26"",""8"",""Conn_01x02"",""Connector_PinSocket_2.54mm:PinSocket_1x02_P2.54mm_Vertical"","""""
"25,""J8, J9, J10, J11, J12, J14, J15, J16, J17, J18, J20, J24, J25"",""13"",""Conn_01x14"",""Connector_PinSocket_2.54mm:PinSocket_1x14_P2.54mm_Vertical"","""""
"26,""J13"",""1"",""Conn_01x06"",""Connector_PinSocket_2.54mm:PinSocket_1x06_P2.54mm_Vertical"","""""
"27,""J28"",""1"",""Conn_01x07"",""Connector_PinSocket_2.54mm:PinSocket_1x07_P2.54mm_Vertical"","""""
"28,""LIG4, LIG5, LIG6"",""3"",""WS2812B-B"",""FOOTPRINT:LED_WS2812B-B"","""""
"29,""Q1, Q2, Q3"",""3"",""NMOS"",""FOOTPRINT:MOSFET_CSD19531Q5A"","""""
"30,""R1, R2, R3, R8, R9, R21, R22, R29, R30"",""9"",""5k1"",""Resistor_SMD:R_0402_1005Metric"","""""
"31,""R4, R23, R24, R31"",""4"",""1k"",""Resistor_SMD:R_0402_1005Metric"","""""
"32,""R5, R13, R37, R40"",""4"",""DNP"",""Resistor_SMD:R_0603_1608Metric_Pad0.98x0.95mm_HandSolder"",""DNP"""
"33,""R6, R7, R26, R36"",""4"",""470"",""Resistor_SMD:R_0402_1005Metric"","""""
"34,""R10, R11, R41, R54, R55, R64, R65"",""7"",""0"",""Resistor_SMD:R_0603_1608Metric_Pad0.98x0.95mm_HandSolder"","""""
"35,""R12"",""1"",""1M"",""Resistor_SMD:R_0402_1005Metric"",""DNP"""
"36,""R14, R15, R17, R18, R19, R20"",""6"",""100k"",""Resistor_SMD:R_0402_1005Metric"","""""
"37,""R16"",""1"",""12k"",""Resistor_SMD:R_0402_1005Metric"","""""
"38,""R25, R27, R33, R56, R57, R58, R59, R60, R61"",""9"",""10k"",""Resistor_SMD:R_0402_1005Metric"","""""
"39,""R28"",""1"",""DNP"",""Resistor_SMD:R_0402_1005Metric"","""""
"40,""R32, R45, R46"",""3"",""330"",""Resistor_SMD:R_0402_1005Metric"","""""
"41,""R34"",""1"",""3k6"",""Resistor_SMD:R_0402_1005Metric"","""""
"42,""R35"",""1"",""1k15"",""Resistor_SMD:R_0402_1005Metric"","""""
"43,""R38, R39, R42, R43, R44, R48, R53"",""7"",""10k"",""Resistor_SMD:R_0402_1005Metric"",""DNP"""
"44,""R47"",""1"",""DNP"",""Resistor_SMD:R_0402_1005Metric"",""DNP"""
"45,""R49, R51, R66"",""3"",""1k"",""Resistor_SMD:R_0402_1005Metric_Pad0.72x0.64mm_HandSolder"","""""
"46,""R50, R52, R67"",""3"",""22k"",""Resistor_SMD:R_0402_1005Metric_Pad0.72x0.64mm_HandSolder"","""""
"47,""R62, R63"",""2"",""5k1"",""Resistor_SMD:R_0402_1005Metric"",""DNP"""
"48,""S1, S2, S3, S4, S5, S6"",""6"",""KMR221GLFS"",""FOOTPRINT:SW_KMR221GLFS"","""""
"49,""TP1, TP2, TP3, TP4, TP5, TP6, TP7, TP8, TP9, TP10"",""10"",""Conn_01x01"",""Connector_PinSocket_2.54mm:PinSocket_1x01_P2.54mm_Vertical"","""""
"50,""U1"",""1"",""USB2514B_Bi"",""Package_DFN_QFN:QFN-36-1EP_6x6mm_P0.5mm_EP3.7x3.7mm"","""""
"51,""U2"",""1"",""STM32F407VGT6"",""FOOTPRINT:QFP50P1600X1600X160-100N"","""""
"52,""U3, U8"",""2"",""USBLC6-2SC6"",""Package_TO_SOT_SMD:SOT-23-6"","""""
"53,""U4, U5, U6, U7"",""4"",""TPS2051B"",""Package_TO_SOT_SMD:SOT-23-5"","""""
"54,""U12"",""1"",""ESP32-S3-WROOM-1-N4R2"",""FOOTPRINT:XCVR_ESP32-S3-WROOM-1-N4R2"","""""
"55,""U13"",""1"",""W25Q128JVS"",""Package_SO:SOIC-8_5.23x5.23mm_P1.27mm"","""""
"56,""U14"",""1"",""RP2040"",""FOOTPRINT:QFN40P700X700X90-57N"","""""
"57,""U15"",""1"",""LIS3DH"",""Package_LGA:LGA-16_3x3mm_P0.5mm_LayoutBorder3x5y"","""""
"58,""U16"",""1"",""TPS74801DRCT"",""FOOTPRINT:VREG_V62_16624-01YE"","""""
"59,""U17"",""1"",""SN74LVC1T45DCK"",""Package_TO_SOT_SMD:SOT-363_SC-70-6"","""""
"60,""Y1"",""1"",""24MHz"",""Crystal:Crystal_SMD_3225-4Pin_3.2x2.5mm"","""""
"61,""Y2"",""1"",""12MHz"",""Crystal:Crystal_SMD_3225-4Pin_3.2x2.5mm"","""""
"62,""Y3"",""1"",""8MHz"",""Crystal:Crystal_SMD_5032-2Pin_5.0x3.2mm"","""""
