﻿Designator,Footprint,Quantity,Value,LCSC Part #
"C1, C2",0402,2,30pF,C1570
"C10, C11, C12, C13, C15, C16, C18, C21, C28, C3, C36, C39, C4, C41, C42, C44, C46, C47, C48, C49, C50, C51, C52, C6, C66, C67, C68, C69, C7, C70, C71, C73, C74, C75, C78, C8, C80, C83, C9, C90",0402,40,100nF,C1525
"C14, C19, C20, C37, C40, C5",0402,6,1uF,C52923
"C17, C25, C31, C57, C58, C59, C60, C76",0805,8,22uF,C45783
"C22, C23",0603,2,1uF,C59302
"C24, C26, C27, C29, C30, C53, C54, C55, C56, C77",0603,10,10uF,C96446
"C32, C33",0402,2,12pF,C295958
"C34, C65, C72, C81, C82",0402,5,4.7uF,C368809
"C38, C45",0402,2,10nF,C60133
"C61, C62",0603,2,15pF,C1644
"C63, C64",0402,2,2.2uF,C76993
"C79, C85, C87, C89",0402,4,10uF,C15525
"C84, C86, C88",0603,3,22uF,C59461
"D1, D3, D4, D7",0603,4,LED_Blue,C72041
"D2, D8",0603,2,LED_Red,C72044
"D5, D6",0603,2,LED_Green,C72043
D9,0603,1,LED_Yellow,C72042
"FB1, FB2",0805,2,120Ω@100MHz,C79382
"H1, H2, H3, H4",MountingHole_2.7mm_M2.5,4,MountingHole,
J1,PinSocket_1x03_P2.54mm_Vertical,1,Conn_01x03,
"J10, J19",USB_C_2_0,2,USB_C_Receptacle_USB2.0,C165948
J11,PinSocket_1x02_P2.54mm_Vertical,1,Conn_01x02,
"J12, J13, J14, J15, J16, J17, J7, J8",PinSocket_1x14_P2.54mm_Vertical,8,Conn_01x14,
"J18, J20, J21",PinSocket_1x02_P3mm_Vertical,3,Conn_01x02,
"J2, J3",PinSocket_1x05_P2.54mm_Vertical,2,Conn_01x05,
"J22, J23, J24",PinSocket_1x02_P0.2mm_Vertical,3,Conn_01x02,
J25,Buzzer_12x9.5RM7.6,1,Conn_01x02,
J26,PinSocket_1x07_P2.54mm_Vertical,1,Conn_01x07,
J4,PinSocket_1x13_P2.54mm_Vertical,1,Conn_01x13,
J6,PinSocket_1x06_P2.54mm_Vertical,1,Conn_01x06,
"LIG1, LIG2, LIG3",LED_WS2812B-B,3,WS2812B-B,C2843785
"Q1, Q2, Q3",MOSFET_CSD19531Q5A,3,NMOS,C471056
"R1, R2, R20, R46, R58, R60, R62",0402,7,1k,C11702
"R10, R11, R12, R13, R14, R15, R16, R21, R54, R74, R75",0603,11,0,C21189
"R17, R18, R19, R26, R47, R49, R55, R56, R9",0402,9,5k1,C25905
R22,0402,1,3k6,C3017490
R23,0402,1,1k15,C5159680
"R24, R4, R7, R8",0402,4,470,C114877
"R27, R28, R30, R32, R35, R38, R57, R59, R61",0402,9,100k,C258090
R29,0402,1,12k,C25752
"R3, R45, R5, R52, R53, R6, R63, R65, R67",0402,9,10k,C25744
"R48, R50, R51",0402,3,330,C25104
"S1, S2, S3, S4, S5, S6",SW_KMR221GLFS,6,KMR221GLFS,C72443
"TP1, TP2, TP3, TP4, TP5, TP6, TP7, TP8, TP9",PinSocket_1x01_P2.54mm_Vertical,9,Conn_01x01,
U1,SOIC-8_5.23x5.23mm_P1.27mm,1,W25Q128JVS,C113767
"U10, U7, U8, U9",SOT-23-5,4,TPS2051B,C24593
"U11, U4",SOT-23-6,2,USBLC6-2SC6,C2827654
U12,QFP50P1600X1600X160-100N,1,STM32F407VGT6,C12345
U13,LGA-16_3x3mm_P0.5mm_LayoutBorder3x5y,1,LIS3DH,C15134
U14,SOT-363_SC-70-6,1,SN74LVC1T45DCK,C9382
U2,QFN40P700X700X90-57N,1,RP2040,C2040
U5,VREG_V62_16624-01YE,1,TPS74801DRCT,C105263
U6,QFN-36-1EP_6x6mm_P0.5mm_EP3.7x3.7mm,1,USB2514B_Bi,C16251
Y1,Crystal_SMD_3225-4Pin_3.2x2.5mm,1,12MHz,C9002
Y2,Crystal_SMD_3225-4Pin_3.2x2.5mm,1,24MHz,C70590
Y3,Crystal_SMD_5032-2Pin_5.0x3.2mm,1,8MHz,C115962
